Time_s,Position_deg,Velocity_degs,Target_deg,Direction,Trigger
0.0019546,0.987,-0.048,0,1,0
0.1953805,996.987,-0.048,0,1,0
0.197555,996.987,-0.048,0,1,0
0.1984582,996.987,-0.048,0,1,0
0.1992563,996.987,-0.048,0,1,0
0.1999505,996.987,-0.048,0,1,0
0.200919,996.987,-0.048,0,1,0
0.2018385,996.987,-0.048,0,1,0
0.202707,996.987,-0.048,0,1,0
0.2043303,996.987,-0.048,0,1,0
0.2066025,996.987,-0.048,0,1,0
0.2082251,996.987,-0.048,0,1,0
0.2091765,996.987,-0.048,0,1,0
0.2103003,996.987,-0.048,0,1,0
0.2112747,996.987,-0.048,0,1,0
0.2122133,996.987,-0.048,0,1,0
0.213053,996.987,-0.048,0,1,0
0.2138134,996.987,-0.048,0,1,0
0.2145311,996.987,-0.048,0,1,0
0.2152388,996.987,-0.048,0,1,0
0.2164996,996.987,-0.048,0,1,0
0.2178371,996.987,-0.048,0,1,0
0.2192505,996.987,-0.048,0,1,0
0.220509,996.987,-0.048,0,1,0
0.2216948,996.987,-0.048,0,1,0
0.2331817,996.987,-0.048,0,1,0
0.2476993,996.987,-0.048,0,1,0
0.2661901,996.987,-0.048,0,1,0
0.2793388,996.987,-0.048,0,1,0
0.2942687,996.987,-0.048,0,1,0
0.2961112,996.987,-0.048,0,1,0
0.3084703,996.987,-0.048,0,1,0
0.3237817,996.987,-0.048,0,1,0
0.3395586,996.987,-0.048,0,1,0
0.3547819,996.987,-0.048,0,1,0
0.5194202,996.987,-0.048,0,1,0
0.5220034,996.987,-0.048,0,1,0
0.5236846,996.987,-0.048,0,1,0
0.5252906,996.987,-0.048,0,1,0
0.5264255,996.987,-0.048,0,1,0
0.5272917,996.987,-0.048,0,1,0
0.5281703,996.987,-0.048,0,1,0
0.5291362,996.987,-0.048,0,1,0
0.5303709,996.987,-0.048,0,1,0
0.5319308,996.987,-0.048,0,1,0
0.5330069,996.987,-0.048,0,1,0
0.5339707,996.987,-0.048,0,1,0
0.5405139,996.987,-0.048,0,1,0
0.6514669,996.987,-0.048,0,1,0
0.6541873,996.987,-0.048,0,1,0
0.6561318,996.987,-0.048,0,1,0
0.6574299,996.987,-0.048,0,1,0
0.6584972,996.987,-0.048,0,1,0
0.6593735,996.987,-0.048,0,1,0
0.660225,996.987,-0.048,0,1,0
0.6609347,996.987,-0.048,0,1,0
0.6651461,996.987,-0.048,0,1,0
0.6804426,996.987,-0.048,0,1,0
0.6962485,996.987,-0.048,0,1,0
0.807711,996.987,-0.048,0,1,0
0.8109503,996.987,-0.048,0,1,0
0.8126859,996.987,-0.048,0,1,0
0.8141373,996.987,-0.048,0,1,0
0.8156432,996.987,-0.048,0,1,0
0.8169329,996.987,-0.048,0,1,0
0.8180263,996.987,-0.048,0,1,0
0.8190888,996.987,-0.048,0,1,0
0.8226827,996.987,-0.048,0,1,0
0.8360885,996.987,-0.048,0,1,0
0.8554916,996.987,-0.048,0,1,0
0.858572,996.987,-0.048,0,1,0
0.9416153,996.987,-0.048,0,1,0
0.9432523,996.987,-0.048,0,1,0
0.9440023,996.987,-0.048,0,1,0
0.9448965,996.987,-0.048,0,1,0
0.9456053,996.987,-0.048,0,1,0
0.9463969,996.987,-0.048,0,1,0
0.959903,996.987,-0.048,0,1,0
0.9753105,996.987,-0.048,0,1,0
0.9921051,996.987,-0.048,0,1,0
0.9932442,996.987,-0.048,0,1,0
1.0062407,996.987,-0.048,0,1,0
1.0223392,996.987,-0.048,0,1,0
1.0381585,996.987,-0.048,0,1,0
1.0534081,996.987,-0.048,0,1,0
1.0694964,996.987,-0.048,0,1,0
1.1423709,996.987,-0.048,0,1,0
1.1443667,996.987,-0.048,0,1,0
1.1451807,996.987,-0.048,0,1,0
1.1460409,996.987,-0.048,0,1,0
1.1475437,996.987,-0.048,0,1,0
1.1490267,996.987,-0.048,0,1,0
1.1632626,996.987,-0.048,0,1,0
1.1784714,996.987,-0.048,0,1,0
1.1939118,996.987,-0.048,0,1,0
1.2508411,996.987,-0.048,0,1,0
1.2534771,996.987,-0.048,0,1,0
1.2560721,996.987,-0.048,0,1,0
1.2574655,996.987,-0.048,0,1,0
1.2720758,996.987,-0.048,0,1,0
1.273476,996.987,-0.048,0,1,0
1.2876798,996.987,-0.048,0,1,0
1.303125,996.987,-0.048,0,1,0
1.3615864,996.987,-0.048,0,1,0
1.3630711,996.987,-0.048,0,1,0
1.3645081,996.987,-0.048,0,1,0
1.3664564,996.987,-0.048,0,1,0
1.3811292,996.987,-0.048,0,1,0
1.3961852,996.987,-0.048,0,1,0
1.4585656,996.987,-0.048,0,1,0
1.4606393,996.987,-0.048,0,1,0
1.4617803,996.987,-0.048,0,1,0
1.4628743,996.987,-0.048,0,1,0
1.4642026,996.987,-0.048,0,1,0
1.4735313,996.987,-0.048,0,1,0
1.488725,996.987,-0.048,0,1,0
1.5039457,996.987,-0.048,0,1,0
1.5575267,996.987,-0.048,0,1,0
1.5597793,996.987,-0.048,0,1,0
1.5606987,996.987,-0.048,0,1,0
1.5622053,996.987,-0.048,0,1,0
1.567251,996.987,-0.048,0,1,0
1.5824685,996.987,-0.048,0,1,0
1.597493,996.987,-0.048,0,1,0
1.6129854,996.987,-0.048,0,1,0
1.6737831,996.987,-0.048,0,1,0
1.6762852,996.987,-0.048,0,1,0
1.6775856,996.987,-0.048,0,1,0
1.678354,996.987,-0.048,0,1,0
1.6905526,996.987,-0.048,0,1,0
1.692141,996.987,-0.048,0,1,0
1.7059359,996.987,-0.048,0,1,0
1.7221726,996.987,-0.048,0,1,0
1.7764074,996.987,-0.048,0,1,0
1.7777085,996.987,-0.048,0,1,0
1.7783439,996.987,-0.048,0,1,0
1.78362,996.987,-0.048,0,1,0
1.7987754,996.987,-0.048,0,1,0
1.8145531,996.987,-0.048,0,1,0
1.8750026,996.987,-0.048,0,1,0
1.8775596,996.987,-0.048,0,1,0
1.8791682,996.987,-0.048,0,1,0
1.8806966,996.987,-0.048,0,1,0
1.8817576,996.987,-0.048,0,1,0
1.8921007,996.987,-0.048,0,1,0
1.9075706,996.987,-0.048,0,1,0
1.9233782,996.987,-0.048,0,1,0
1.9787368,996.987,-0.048,0,1,0
1.9803403,996.987,-0.048,0,1,0
1.9810893,996.987,-0.048,0,1,0
1.9820747,996.987,-0.048,0,1,0
1.9870036,996.987,-0.048,0,1,0
2.0013482,996.987,-0.048,0,1,0
2.0173143,996.987,-0.048,0,1,0
2.0327086,996.987,-0.048,0,1,0
2.0905247,996.987,-0.048,0,1,0
2.0926209,996.987,-0.048,0,1,0
2.094713,996.987,-0.048,0,1,0
2.0963636,996.987,-0.048,0,1,0
2.1094192,996.987,-0.048,0,1,0
2.1106687,996.987,-0.048,0,1,0
2.1250683,996.987,-0.048,0,1,0
2.1407479,996.987,-0.048,0,1,0
2.210434,996.987,-0.048,0,1,0
2.2133722,996.987,-0.048,0,1,0
2.2145951,996.987,-0.048,0,1,0
2.2158298,996.987,-0.048,0,1,0
2.2194339,996.987,-0.048,0,1,0
2.2343057,996.987,-0.048,0,1,0
2.2497619,996.987,-0.048,0,1,0
2.251036,996.987,-0.048,0,1,0
2.2649592,996.987,-0.048,0,1,0
2.3300141,996.987,-0.048,0,1,0
2.3321279,996.987,-0.048,0,1,0
2.3329858,996.987,-0.048,0,1,0
2.3337515,996.987,-0.048,0,1,0
2.342565,996.987,-0.048,0,1,0
2.3599343,996.987,-0.048,0,1,0
2.3735137,996.987,-0.048,0,1,0
2.4467494,996.987,-0.048,0,1,0
2.4490985,996.987,-0.048,0,1,0
2.451224,996.987,-0.048,0,1,0
2.4524308,996.987,-0.048,0,1,0
2.4533625,996.987,-0.048,0,1,0
2.4548007,996.987,-0.048,0,1,0
2.4665227,996.987,-0.048,0,1,0
2.4822663,996.987,-0.048,0,1,0
2.4978497,996.987,-0.048,0,1,0
2.5540115,996.987,-0.048,0,1,0
2.5554014,996.987,-0.048,0,1,0
2.5562181,996.987,-0.048,0,1,0
2.5571691,996.987,-0.048,0,1,0
2.5592042,996.987,-0.048,0,1,0
2.5736379,996.987,-0.048,0,1,0
2.5894155,996.987,-0.048,0,1,0
2.6045145,996.987,-0.048,0,1,0
2.6640656,996.987,-0.048,0,1,0
2.6664458,996.987,-0.048,0,1,0
2.6685216,996.987,-0.048,0,1,0
2.6702447,996.987,-0.048,0,1,0
2.6820394,996.987,-0.048,0,1,0
2.6833279,996.987,-0.048,0,1,0
2.6974984,996.987,-0.048,0,1,0
2.7126137,996.987,-0.048,0,1,0
2.7691844,996.987,-0.048,0,1,0
2.7707268,996.987,-0.048,0,1,0
2.7717793,996.987,-0.048,0,1,0
2.7741833,996.987,-0.048,0,1,0
2.7891456,996.987,-0.048,0,1,0
2.8044385,996.987,-0.048,0,1,0
2.8204742,996.987,-0.048,0,1,0
2.8894115,996.987,-0.048,0,1,0
2.8914194,996.987,-0.048,0,1,0
2.8932005,996.987,-0.048,0,1,0
2.8941305,996.987,-0.048,0,1,0
2.8948902,996.987,-0.048,0,1,0
2.8982582,996.987,-0.048,0,1,0
2.9134778,996.987,-0.048,0,1,0
2.9287917,996.987,-0.048,0,1,0
2.9442044,996.987,-0.048,0,1,0
3.0162553,996.987,-0.048,0,1,0
3.0185423,996.987,-0.048,0,1,0
3.020006,996.987,-0.048,0,1,0
3.0210072,996.987,-0.048,0,1,0
3.02181,996.987,-0.048,0,1,0
3.0226022,996.987,-0.048,0,1,0
3.0375537,996.987,-0.048,0,1,0
3.0535838,996.987,-0.048,0,1,0
3.0688031,996.987,-0.048,0,1,0
3.1276816,996.987,-0.048,0,1,0
3.1293602,996.987,-0.048,0,1,0
3.1300363,996.987,-0.048,0,1,0
3.1310622,996.987,-0.048,0,1,0
3.1322613,996.987,-0.048,0,1,0
3.146922,996.987,-0.048,0,1,0
3.1624198,996.987,-0.048,0,1,0
3.1767531,996.987,-0.048,0,1,0
3.2416165,996.987,-0.048,0,1,0
3.2435416,996.987,-0.048,0,1,0
3.2467992,996.987,-0.048,0,1,0
3.2478616,996.987,-0.048,0,1,0
3.2553377,996.987,-0.048,0,1,0
3.2565088,996.987,-0.048,0,1,0
3.2712399,996.987,-0.048,0,1,0
3.2865272,996.987,-0.048,0,1,0
3.3399945,996.987,-0.048,0,1,0
3.3412928,996.987,-0.048,0,1,0
3.3419802,996.987,-0.048,0,1,0
3.3509755,996.987,-0.048,0,1,0
3.3656757,996.987,-0.048,0,1,0
3.3821171,996.987,-0.048,0,1,0
3.3832312,996.987,-0.048,0,1,0
3.4385068,996.987,-0.048,0,1,0
3.4404361,996.987,-0.048,0,1,0
3.4414208,996.987,-0.048,0,1,0
3.4442525,996.987,-0.048,0,1,0
3.4592748,996.987,-0.048,0,1,0
3.4750974,996.987,-0.048,0,1,0
3.4905607,996.987,-0.048,0,1,0
3.5484169,996.987,-0.048,0,1,0
3.5495872,996.987,-0.048,0,1,0
3.5501973,996.987,-0.048,0,1,0
3.550818,996.987,-0.048,0,1,0
3.5523313,996.987,-0.048,0,1,0
3.567162,996.987,-0.048,0,1,0
3.5820607,996.987,-0.048,0,1,0
3.5984889,996.987,-0.048,0,1,0
3.6565518,996.987,-0.048,0,1,0
3.6588562,996.987,-0.048,0,1,0
3.6608513,996.987,-0.048,0,1,0
3.6623271,996.987,-0.048,0,1,0
3.663441,996.987,-0.048,0,1,0
3.675968,996.987,-0.048,0,1,0
3.6921039,996.987,-0.048,0,1,0
3.7075464,996.987,-0.048,0,1,0
3.7658361,996.987,-0.048,0,1,0
3.7676856,994.443,-147.324,0,1,0
3.7684459,939.252,-1621.047,0,1,0
3.7704555,912.658,-1293.749,0,1,0
3.7857158,870.033,-913.932,0,1,0
3.7871516,818.064,-1642.02,0,1,0
3.801029,779.336,-2325.913,0,1,0
3.8160785,751.85,-1123.507,0,1,0
3.8735383,701.62,-1683.969,0,1,0
3.8748181,659.32,-2536.721,0,1,0
3.8755017,635.853,-1523.33,0,1,0
3.8801308,583.789,-1651.955,0,1,0
3.8945786,583.903,-1091.089,0,1,0
3.9095232,578.296,-1385.058,0,1,0
3.9757435,542.104,-1392.975,0,1,0
3.9777299,501.319,-1744.522,0,1,0
3.9788678,499.787,-993.679,0,1,0
3.980091,500.514,-862.461,0,1,0
3.9815397,455.778,-1600.727,0,1,0
3.987486,450.053,-915.998,0,1,0
4.0024238,450.247,-794.697,0,1,0
4.0183688,410.581,-1215.006,0,1,0
4.0763334,382.587,-1673.534,0,1,0
4.077765,370.255,-1180.133,0,1,0
4.0785615,358.778,-941.431,0,1,0
4.0807627,339.45,-1153.146,0,1,0
4.0819906,334.179,-897.775,0,1,0
4.095665,328.095,-799.202,0,1,0
4.110973,317.367,-766.781,0,1,0
4.1262371,309.851,-835.822,0,1,0
4.1884682,304.666,-647.514,0,1,0
4.1904947,291.548,-771.844,0,1,0
4.191354,277.327,-870.559,0,1,0
4.1921679,272.533,-615.149,0,1,0
4.2039328,265.252,-643.451,0,1,0
4.2195942,252.12,-760.22,0,1,0
4.2207747,233.97,-1240.222,0,1,0
4.2348354,215.019,-740.93,0,1,0
4.2932254,184.827,-1015.334,0,1,0
4.2953272,177.923,-786.787,0,1,0
4.2964654,175.039,-568.936,0,1,0
4.2976937,170.767,-559.582,0,1,0
4.3122977,127.466,-1849.854,0,1,0
4.3277983,113.832,-874.866,0,1,0
4.4030156,93.557,-871.404,0,1,0
4.4044824,70.559,-1141.862,0,1,0
4.4064409,45.976,-1717.372,0,1,0
4.4080094,18.681,-1085.647,0,1,0
4.4097678,-17.777,-1388.196,0,1,0
4.4108409,-56.084,-2273.488,0,1,0
4.4221966,-76.52,-1211.967,0,1,0
4.4373866,-116.138,-1528.608,0,1,0
4.4527077,-160.548,-2268.094,0,1,0
4.5096736,-168.504,-1070.512,0,1,0
4.5119993,-170.129,-1036.348,0,1,0
4.5134099,-171.474,-818.28,0,1,0
4.5148322,-170.975,-704.043,0,1,0
4.5158138,-170.569,-612.574,0,1,0
4.5292795,-170.218,-532.74,0,1,0
4.5453142,-169.912,-463.306,0,1,0
4.560484,-169.646,-402.923,0,1,0
4.6183085,-169.415,-350.409,0,1,0
4.6199376,-169.213,-304.74,0,1,0
4.6215196,-169.038,-265.023,0,1,0
4.6238028,-168.886,-230.482,0,1,0
4.6368248,-168.754,-200.442,0,1,0
4.652146,-168.639,-174.319,0,1,0
4.6532341,-168.539,-151.6,0,1,0
4.6683032,-168.452,-131.842,0,1,0
4.7256587,-168.376,-114.659,0,1,0
4.7277736,-168.31,-99.716,0,1,0
4.7288732,-168.253,-86.719,0,1,0
4.7309893,-168.203,-75.417,0,1,0
4.7459858,-168.16,-65.588,0,1,0
4.7622624,-168.122,-57.04,0,1,0
4.8238086,-168.09,-49.606,0,1,0
4.8259775,-168.061,-43.142,0,1,0
4.826687,-168.036,-37.52,0,1,0
4.8273739,-168.015,-32.629,0,1,0
4.82828,-167.996,-28.376,0,1,0
4.8395798,-167.98,-24.678,0,1,0
4.8546112,-167.966,-21.461,0,1,0
4.8707164,-167.953,-18.664,0,1,0
4.9287749,-167.943,-16.232,0,1,0
4.930565,-167.933,-14.117,0,1,0
4.9320017,-167.925,-12.278,0,1,0
4.9347596,-167.918,-10.677,0,1,0
4.9362116,-167.912,-9.287,0,1,0
4.9476843,-167.907,-8.076,0,1,0
4.9632002,-167.902,-7.024,0,1,0
4.9783865,-167.898,-6.107,0,1,0
5.0362891,-167.894,-5.312,0,1,0
5.0387918,-167.891,-4.62,0,1,0
5.0412696,-167.889,-4.018,0,1,0
5.0430329,-167.886,-3.494,0,1,0
5.0549466,-167.884,-3.039,0,1,0
5.0699993,-167.883,-2.642,0,1,0
5.1344447,-167.881,-2.298,0,1,0
5.1364838,-167.88,-1.998,0,1,0
5.1371662,-167.879,-1.739,0,1,0
5.1378134,-167.878,-1.511,0,1,0
5.1384963,-167.877,-1.314,0,1,0
5.1487852,-167.876,-1.142,0,1,0
5.1645154,-167.875,-0.997,0,1,0
5.1796198,-167.875,-0.863,0,1,0
5.2372059,-167.874,-0.752,0,1,0
5.2393619,-167.874,-0.654,0,1,0
5.2403915,-167.874,-0.569,0,1,0
5.2413692,-167.873,-0.492,0,1,0
5.243229,-167.873,-0.429,0,1,0
5.2583163,-167.873,-0.373,0,1,0
5.2738662,-167.872,-0.329,0,1,0
5.2892012,-167.872,-0.283,0,1,0
5.354657,-167.872,-0.248,0,1,0
5.3568342,-167.872,-0.214,0,1,0
5.3582271,-167.872,-0.184,0,1,0
5.3593348,-167.872,-0.159,0,1,0
5.3609111,-167.872,-0.141,0,1,0
5.3668017,-167.872,-0.123,0,1,0
5.3823517,-167.872,-0.107,0,1,0
5.3983476,-167.872,-0.088,0,1,0
5.4578086,-167.871,-0.075,0,1,0
5.4599633,-167.871,-0.064,0,1,0
5.4615747,-167.871,-0.058,0,1,0
5.4627366,-167.871,-0.049,0,1,0
5.4752947,-167.871,-0.044,0,1,0
5.4912223,-167.871,-0.037,0,1,0
5.4937206,-167.871,-0.034,0,1,0
5.5059371,-167.871,-0.029,0,1,0
5.5617601,-167.871,-0.023,0,1,0
5.5633643,-167.871,-0.021,0,1,0
5.5640546,-167.871,-0.019,0,1,0
5.5686333,-167.871,-0.016,0,1,0
5.5832737,-167.871,-0.013,0,1,0
5.5992638,-167.871,-0.009,0,1,0
5.6632782,-167.871,-0.007,0,1,0
5.6648798,-179.566,-634.798,0,1,0
5.6656402,-221.149,-594.317,0,1,0
5.6664932,-268.007,-1375.393,0,1,0
5.6673465,-272.409,-453.816,0,1,0
5.6764651,-271.921,-384.632,0,1,0
5.6921624,-271.698,-335.78,0,1,0
5.7078091,-271.506,-292.004,0,1,0
5.7639365,-271.338,-253.944,0,1,0
5.7653213,-271.192,-220.846,0,1,0
5.7664633,-271.066,-192.064,0,1,0
5.7700504,-270.955,-167.033,0,1,0
5.7715147,-270.859,-145.262,0,1,0
5.78544,-270.776,-126.331,0,1,0
5.8014576,-270.704,-109.866,0,1,0
5.8166189,-270.641,-95.547,0,1,0
5.8705348,-270.586,-83.094,0,1,0
5.8722873,-270.538,-72.265,0,1,0
5.8730129,-270.497,-62.847,0,1,0
5.8792003,-270.46,-54.654,0,1,0
5.8935318,-270.429,-47.533,0,1,0
5.908806,-270.402,-41.333,0,1,0
5.9099133,-270.378,-35.949,0,1,0
5.9247346,-316.924,-1290.605,0,1,0
5.9791751,-328.73,-385.646,0,1,0
5.9811723,-328.447,-263.015,0,1,0
5.9828091,-376.531,-1189.985,0,1,0
5.9902305,-379.969,-513.443,0,1,0
6.0034405,-387.659,-605.571,0,1,0
6.0181865,-435.349,-1177.396,0,1,0
6.0812235,-482.936,-2067.822,0,1,0
6.0829598,-505.083,-1320.117,0,1,0
6.08392,-558.356,-1457.517,0,1,0
6.0848614,-580.433,-1321.739,0,1,0
6.0865365,-599.109,-1914.939,0,1,0
6.0968047,-635.813,-1372.056,0,1,0
6.112417,-673.136,-1693.707,0,1,0
6.1278085,-693.16,-1705.357,0,1,0
6.1875891,-701.249,-1033.917,0,1,0
6.1894438,-727.888,-1293.958,0,1,0
6.1909651,-747.574,-1526.579,0,1,0
6.1919458,-756.08,-1067.257,0,1,0
6.1931496,-770.061,-990.882,0,1,0
6.2046485,-808.175,-1842.607,0,1,0
6.220234,-832.912,-1735.009,0,1,0
6.2356574,-867.754,-1374.456,0,1,0
6.2931149,-903.017,-1635.086,0,1,0
6.2951546,-930.956,-2036.937,0,1,0
6.2963589,-950.598,-1266.247,0,1,0
6.2982985,-981.545,-1407.675,0,1,0
6.3124352,-1013.631,-1961.936,0,1,0
6.3280825,-1029.039,-1313.055,0,1,0
6.329335,-1056.478,-1452.454,0,1,0
6.3436888,-1083.299,-1642.803,0,1,0
6.4021104,-1100.191,-1566.852,0,1,0
6.4040659,-1129.397,-1369.749,0,1,0
6.4065381,-1155.59,-1468.188,0,1,0
6.40861,-1177.63,-1670.75,0,1,0
6.4214523,-1197.737,-1326.088,0,1,0
6.4367397,-1225.336,-1399.653,0,1,0
6.5052104,-1246.845,-1541.563,0,1,0
6.5070811,-1260.21,-1200.904,0,1,0
6.508344,-1283.215,-1263.134,0,1,0
6.5107727,-1307.076,-1476.812,0,1,0
6.5118947,-1324.599,-1545.468,0,1,0
6.5141541,-1358.659,-1434.086,0,1,0
6.530276,-1396.968,-1704.461,0,1,0
6.5458085,-1421.822,-1894.316,0,1,0
6.5610188,-1442.973,-1263.815,0,1,0
6.6294666,1477.062,30309.615,0,1,0
6.6311115,1435.082,10773.13,0,1,0
6.6317861,1412.229,10135.804,0,1,0
6.6324519,1363.219,8400.421,0,1,0
6.6333282,1345.485,7354.287,0,1,0
6.6378852,1335.415,6341.024,0,1,0
6.6530645,1327.124,5622.171,0,1,0
6.6690371,1296.734,4339.721,0,1,0
6.6839307,1277.496,3481.341,0,1,0
6.7497373,1260.143,3304.176,0,1,0
6.7512378,1257.268,3009.451,0,1,0
6.7522742,1255.583,2619.165,0,1,0
6.7535169,1254.079,2277.583,0,1,0
6.7545044,1252.772,1980.744,0,1,0
6.7622005,1251.635,1722.588,0,1,0
6.7778761,1250.646,1498.084,0,1,0
6.7931129,1249.786,1302.836,0,1,0
6.8515633,1249.038,1133.03,0,1,0
6.8529512,1248.388,985.36,0,1,0
6.8536705,1247.79,854.806,0,1,0
6.8548194,1195.421,-220.101,0,1,0
6.8695926,1151.718,-1286.51,0,1,0
6.8848631,1128.667,-249.728,0,1,0
6.9563403,1076.288,-772.033,0,1,0
6.9583685,1028.897,-1706.037,0,1,0
6.9593089,1019.846,-479.926,0,1,0
6.9601802,1020.437,-389.509,0,1,0
6.9610536,1020.668,-340.792,0,1,0
6.9627145,1000.861,-1457.534,0,1,0
6.977109,966.259,-945.527,0,1,0
6.9927722,913.917,-1432.139,0,1,0
7.0079308,875.934,-2158.27,0,1,0
7.0647745,854.736,-1083.323,0,1,0
7.0667417,806.62,-1501.116,0,1,0
7.0675187,762.862,-2281.429,0,1,0
7.0681977,754.188,-1035.048,0,1,0
7.0697717,755.082,-871.432,0,1,0
7.0860027,755.589,-759.847,0,1,0
7.1018476,756.025,-660.81,0,1,0
7.1172632,756.404,-574.687,0,1,0
7.1757716,756.125,-535.966,0,1,0
7.178016,717.005,-2127.897,0,1,0
7.1791615,692.161,-953.163,0,1,0
7.180412,645.177,-1335.76,0,1,0
7.1811994,595.807,-2392.468,0,1,0
7.1944978,570.759,-1625.745,0,1,0
7.2102027,521.13,-1526.95,0,1,0
7.2251959,473.996,-2229.175,0,1,0
7.2848679,444.138,-2347.527,0,1,0
7.2889478,412.147,-1509.531,0,1,0
7.2900707,362.905,-2056.077,0,1,0
7.2908744,357.41,-1236.168,0,1,0
7.3022221,358.267,-1049.32,0,1,0
7.3182466,358.876,-913.767,0,1,0
7.3817424,359.4,-794.684,0,1,0
7.3833968,359.856,-691.11,0,1,0
7.3843281,360.253,-601.034,0,1,0
7.3853167,360.598,-522.699,0,1,0
7.3862976,344.274,-1445.77,0,1,0
7.3963087,309.513,-983.64,0,1,0
7.4115804,259.328,-1558.244,0,1,0
7.426478,224.361,-2162.574,0,1,0
7.4851329,201.539,-1143.146,0,1,0
7.4865264,145.704,-1714.555,0,1,0
7.4873301,97.057,-2613.081,0,1,0
7.4880609,71.17,-1722.348,0,1,0
7.4888419,20.483,-1807.572,0,1,0
7.5037461,-23.399,-2346.521,0,1,0
7.518813,-50.429,-2321.004,0,1,0
7.5338543,-86.191,-1673.845,0,1,0
7.5936864,-136.064,-2227.51,0,1,0
7.5952412,-172.133,-2790.319,0,1,0
7.5964418,-191.894,-1462.563,0,1,0
7.597333,-190.724,-1189.281,0,1,0
7.6117739,-190.018,-1037.48,0,1,0
7.6261309,-189.423,-902.31,0,1,0
7.702035,-188.906,-784.704,0,1,0
7.7050892,-188.455,-682.433,0,1,0
7.7064698,-188.063,-593.491,0,1,0
7.7073779,-190.562,-651.703,0,1,0
7.7081465,-243.041,-1569.48,0,1,0
7.7089978,-283.643,-2423.207,0,1,0
7.7191681,-314.265,-1195.96,0,1,0
7.734377,-368.964,-1710.454,0,1,0
7.74968,-409.842,-2443.197,0,1,0
7.8102273,-429.281,-1464.225,0,1,0
7.8129633,-485.936,-1826.15,0,1,0
7.8146482,-532.267,-2418.814,0,1,0
7.8161344,-557.416,-2233.722,0,1,0
7.8171517,-600.753,-1758.624,0,1,0
7.8283641,-653.25,-2356.139,0,1,0
7.843961,-692.806,-2951.167,0,1,0
7.8589933,-720.249,-1688.345,0,1,0
7.9321624,-764.065,-1962.966,0,1,0
7.9355067,-764.186,-1302.224,0,1,0
7.9374068,-763.319,-1134.562,0,1,0
7.9384989,-762.668,-987.217,0,1,0
7.9395024,-762.102,-858.546,0,1,0
7.9405856,-761.609,-746.65,0,1,0
7.9524398,-761.18,-649.334,0,1,0
7.968039,-760.877,-569.693,0,1,0
7.9837266,-791.598,-1916.934,0,1,0
8.0866418,-818.928,-982.191,0,1,0
8.0882701,-865.413,-1436.324,0,1,0
8.0890009,-909.306,-2382.515,0,1,0
8.0896454,-931.297,-1321.332,0,1,0
8.0902565,-984.482,-1670.014,0,1,0
8.0908958,-1031.192,-2382.534,0,1,0
8.0916649,-1056.896,-2072.669,0,1,0
8.0925714,-1102.133,-1684.769,0,1,0
8.1075558,-1150.141,-2250.735,0,1,0
8.1235602,-1181.936,-2589.445,0,1,0
8.1939907,-1208.724,-1590.917,0,1,0
8.1970481,-1258.901,-2043.683,0,1,0
8.1992257,-1305.917,-3104.989,0,1,0
8.2005112,-1327.613,-1598.701,0,1,0
8.2026122,-1326.945,-1239.084,0,1,0
8.2063874,-1326.19,-1079.385,0,1,0
8.2167907,-1325.571,-938.884,0,1,0
8.2326253,-1325.032,-816.521,0,1,0
8.5391837,-1324.563,-710.092,0,1,0
8.5408989,-1324.155,-617.553,0,1,0
8.541863,-1323.801,-537.062,0,1,0
8.5427439,-1323.493,-467.067,0,1,0
8.5437642,-1323.257,-408.336,0,1,0
8.5451134,-1328.161,-541.071,0,1,0
8.5462041,-1378.501,-1115.077,0,1,0
8.5471435,-1421.759,-1843.069,0,1,0
8.547928,27.544,85425.508,0,1,0
8.5486878,1475.559,20157.738,0,1,0
8.549507,1394.223,10466.015,0,1,0
8.5522047,1351.945,8582.891,0,1,0
8.5539056,1311.445,8153.778,0,1,0
8.55479,1256.091,6398.682,0,1,0
8.5555396,1213.001,4637.958,0,1,0
8.5562156,1188.669,4830.257,0,1,0
8.5569548,1134.594,3628.914,0,1,0
8.5588893,1089.143,2238.504,0,1,0
8.5600032,1060.081,2110.518,0,1,0
8.5608641,1012.951,1809.108,0,1,0
8.5616041,963.894,737.367,0,1,0
8.562398,930.306,10.981,0,1,0
8.5631772,901.146,812.968,0,1,0
8.5728176,900.971,830.767,0,1,0
8.5886927,900.529,718.664,0,1,0
8.6899965,900.116,624.916,0,1,0
8.6927636,899.757,543.48,0,1,0
8.6939013,899.445,472.645,0,1,0
8.6956744,899.174,411.041,0,1,0
8.6985222,898.938,357.469,0,1,0
8.7003766,898.732,310.881,0,1,0
8.7015102,898.554,270.365,0,1,0
8.7024211,892.793,26.387,0,1,0
8.7115389,837.809,-902.064,0,1,0
8.726745,794.165,-1843.946,0,1,0
8.7422781,767.36,-728.508,0,1,0
8.8405812,722.181,-1085.455,0,1,0
8.8435682,677.984,-2012.244,0,1,0
8.8454867,656.227,-1314.954,0,1,0
8.8463507,605.043,-1382.967,0,1,0
8.8471168,554.371,-2170.089,0,1,0
8.8478575,521.639,-2258.302,0,1,0
8.8485493,486.075,-1585.045,0,1,0
8.8499753,438.407,-1962.739,0,1,0
8.8651069,400.13,-2598.642,0,1,0
8.8804396,376.184,-1554.042,0,1,0
8.9806366,327.067,-1902.486,0,1,0
8.9839583,280.751,-2803.431,0,1,0
8.9849889,257.41,-1911.728,0,1,0
8.9860708,204.369,-1990.351,0,1,0
8.986974,155.664,-2566.441,0,1,0
8.9892417,150.904,-1389.864,0,1,0
8.9911516,151.961,-1195.717,0,1,0
8.9925499,152.65,-1041.365,0,1,0
9.0041982,153.247,-905.628,0,1,0
9.0205993,153.767,-787.594,0,1,0
9.0368476,154.219,-684.947,0,1,0
